filename,chroma_stft_mean,chroma_stft_var,rms_mean,rms_var,spectral_centroid_mean,spectral_centroid_var,spectral_bandwidth_mean,spectral_bandwidth_var,rolloff_mean,rolloff_var,zero_crossing_rate_mean,zero_crossing_rate_var,harmony_mean,harmony_var,perceptr_mean,perceptr_var,tempo,mfcc1_mean,mfcc1_var,mfcc2_mean,mfcc2_var,mfcc3_mean,mfcc3_var,mfcc4_mean,mfcc4_var,mfcc5_mean,mfcc5_var,mfcc6_mean,mfcc6_var,mfcc7_mean,mfcc7_var,mfcc8_mean,mfcc8_var,mfcc9_mean,mfcc9_var,mfcc10_mean,mfcc10_var,mfcc11_mean,mfcc11_var,mfcc12_mean,mfcc12_var,mfcc13_mean,mfcc13_var,mfcc14_mean,mfcc14_var,mfcc15_mean,mfcc15_var,mfcc16_mean,mfcc16_var,mfcc17_mean,mfcc17_var,mfcc18_mean,mfcc18_var,mfcc19_mean,mfcc19_var,mfcc20_mean,mfcc20_var,label
blues.00007.wav,0.3073715269565582,0.09285333752632141,0.13176751136779785,0.005531931295990944,1451.859413528892,449601.6407097229,1577.5671155773998,168197.5994896548,2955.3197165929523,1629557.4144231493,0.061442246108855375,0.0018488162723341102,1.8550019376561977e-05,0.013231742195785046,-4.832547710975632e-05,0.0048369187861680984,92.28515625,-179.37229919433594,6573.50341796875,136.44833374023438,1479.045654296875,-26.662588119506836,591.2086791992188,39.965450286865234,353.40618896484375,5.310893535614014,650.0896606445312,10.919135093688965,136.28799438476562,-20.559534072875977,163.6931610107422,8.503360748291016,151.28440856933594,-11.349763870239258,171.91978454589844,-3.470554828643799,178.22743225097656,-8.415842056274414,147.56089782714844,-6.957211017608643,83.7185287475586,-3.5460426807403564,93.26529693603516,-8.051758766174316,57.42386245727539,-8.96491813659668,82.25947570800781,-8.427481651306152,70.46943664550781,-10.56428050994873,52.01835632324219,-10.785658836364746,60.507179260253906,-4.695469379425049,65.58108520507812,-8.631641387939453,56.386940002441406,blues
blues.00001.wav,0.3408493995666504,0.09497617930173874,0.09590782225131989,0.00237272004596889,1530.2617668815155,375915.50852199766,2038.9876081687958,213905.10295057268,3550.7136156830047,2978310.9040219653,0.05603980870552978,0.001447521491359064,0.00014128137263469398,0.005101334303617477,-0.0001796235010260716,0.003064209595322609,67.99958881578948,-207.52383422851562,7769.1044921875,123.98513793945312,559.9133911132812,8.947019577026367,572.3363037109375,35.867149353027344,264.7167053222656,2.9095940589904785,279.97607421875,21.519472122192383,156.36680603027344,-8.556512832641602,200.8020477294922,23.370676040649414,142.56712341308594,-10.103608131408691,166.11463928222656,11.899242401123047,104.35726165771484,-5.558824062347412,105.1563720703125,5.377876281738281,96.20453643798828,-2.234492063522339,64.8730697631836,4.220704078674316,73.15042877197266,-6.010686874389648,52.42946243286133,0.9292941689491272,55.33796310424805,-0.7284029126167297,60.231407165527344,0.29687249660491943,48.133216857910156,-0.28243038058280945,51.106014251708984,0.5306443572044373,45.788700103759766,blues
blues.00005.wav,0.30252185463905334,0.0875512957572937,0.10345287621021271,0.003981162328273058,1832.0115969793162,1030483.8309652422,1729.5808045469614,201846.07407526343,3481.4676306917054,3274386.1962247384,0.09404153373936582,0.006233195614802252,2.1072833078505937e-06,0.008084326051175594,-2.761937867035158e-05,0.0032444787211716175,69.83741554054055,-177.8017578125,7307.4541015625,118.20316314697266,3195.205810546875,-17.570629119873047,654.10791015625,30.760927200317383,485.68988037109375,-21.7425537109375,433.2766418457031,11.919262886047363,266.4075927734375,-20.734298706054688,169.7060089111328,3.185288190841675,133.70338439941406,-8.580818176269531,172.2257537841797,-0.9328852295875549,100.12100219726562,-11.772245407104492,76.55475616455078,-2.408763885498047,78.8026351928711,-9.348445892333984,80.10771942138672,-9.942635536193848,47.534427642822266,-3.9021835327148438,60.02069854736328,-5.574562072753906,72.57674407958984,-1.839314341545105,68.66612243652344,-2.7893166542053223,42.470523834228516,-3.047804832458496,39.80338668823242,-8.109731674194336,46.282936096191406,blues
blues.00002.wav,0.3635377287864685,0.08525664359331131,0.17547321319580078,0.0027508579660207033,1552.8324813719914,156471.01101167433,1747.7540869151062,76295.41345784656,3042.4101154654873,784130.8743978116,0.07629120746326373,0.0010068290788351824,-1.816742269511451e-06,0.01634434424340725,-2.0188566850265488e-05,0.007464200723916292,161.4990234375,-90.75716400146484,3317.886962890625,140.4408721923828,508.85614013671875,-29.08454704284668,412.0644226074219,31.68669319152832,143.9542236328125,-13.976547241210938,155.66134643554688,25.753751754760742,74.39171600341797,-13.66499137878418,106.84101867675781,11.634442329406738,106.520263671875,-11.778322219848633,65.48223876953125,9.71475601196289,67.84234619140625,-13.125313758850098,57.671966552734375,5.79124641418457,64.49475860595703,-8.901966094970703,60.39057540893555,-1.0801602602005005,57.69023132324219,-9.226244926452637,36.51436996459961,2.4483044147491455,40.64167785644531,-7.724839210510254,47.62964630126953,-1.8190242052078247,52.39359664916992,-3.440457582473755,46.64339828491211,-2.2381277084350586,30.65315055847168,blues
blues.00000.wav,0.35012850165367126,0.08877166360616684,0.1301843225955963,0.0028283800929784775,1784.1226409867395,129745.48453872248,2002.412407099093,85834.41036219463,3805.7230301080335,901252.916706492,0.08304482066898686,0.0007669456545940504,-4.906630056211725e-05,0.008172462694346905,-1.0618483429425396e-05,0.0057044378481805325,123.046875,-113.59882354736328,2569.369384765625,121.57067108154297,295.84710693359375,-19.162261962890625,235.58444213867188,42.36394119262695,151.03872680664062,-6.3622660636901855,167.9928741455078,18.621932983398438,89.17241668701172,-13.69973373413086,67.60308837890625,15.339801788330078,69.00149536132812,-12.274304389953613,82.2198486328125,10.970945358276367,63.34654235839844,-8.326061248779297,61.764991760253906,8.802087783813477,51.28075408935547,-3.6699414253234863,41.21589660644531,5.744675636291504,40.51752471923828,-5.162783145904541,49.78423309326172,0.7517064213752747,52.42454147338867,-1.6878540515899658,36.535865783691406,-0.4087299704551697,41.60316848754883,-2.3026766777038574,55.053653717041016,1.222467064857483,46.94135284423828,blues
blues.00003.wav,0.40485435724258423,0.09399866312742233,0.14104026556015015,0.006347601767629385,1070.153417999185,184366.0093845833,1596.4225646485252,166551.84432263998,2184.8790286035382,1493077.8489404472,0.03330886262567672,0.00042275898709484,3.612608452385757e-06,0.019055042415857315,-1.811099355109036e-05,0.0027113643009215593,63.02400914634146,-199.57513427734375,5508.26611328125,150.0861053466797,456.30908203125,5.6634039878845215,257.1097717285156,26.855281829833984,158.3611297607422,1.770071268081665,267.9737243652344,14.232646942138672,126.80742645263672,-4.827845096588135,155.9467315673828,9.286852836608887,81.27030181884766,-0.7561201453208923,92.30180358886719,8.134434700012207,71.3818359375,-3.200026035308838,110.26934814453125,6.078081130981445,48.21451950073242,-2.478445053100586,56.776222229003906,-1.0815870761871338,62.24300765991211,-2.8744540214538574,51.60980987548828,0.7739940285682678,44.43290328979492,-3.324068784713745,50.21845245361328,0.6363106369972229,37.32572555541992,-0.6159675717353821,37.257774353027344,-3.405045986175537,31.965253829956055,blues
blues.00006.wav,0.2914259731769562,0.09398484975099564,0.1417519599199295,0.008782075718045235,1459.4696906334664,438024.99814577465,1389.0684455609626,185156.3211962845,2795.910729498985,1621507.809656879,0.07305223740815932,0.0019091706678011008,-1.1749533769034315e-05,0.016931476071476936,-2.0181798390694894e-05,0.005955405067652464,71.77734375,-190.0688018798828,9653.34765625,130.27023315429688,1933.7037353515625,-36.36211395263672,1307.030517578125,33.036216735839844,480.1931457519531,11.093892097473145,1082.96826171875,-0.5918821096420288,280.11151123046875,-20.89026641845703,151.6833953857422,0.2784423232078552,102.85331726074219,-6.496385097503662,131.0985107421875,-5.512735366821289,153.40235900878906,-7.8474040031433105,87.50640106201172,-3.124300718307495,64.2100601196289,-6.602821350097656,79.1468505859375,-9.94999885559082,63.03844451904297,-6.542688369750977,86.34498596191406,-10.072227478027344,83.25454711914062,-10.918622970581055,56.950496673583984,-6.965243339538574,38.26709747314453,-3.439431667327881,48.16364288330078,-6.484498977661133,70.21344757080078,blues
blues.00004.wav,0.3085259795188904,0.0878431499004364,0.09150122106075287,0.0023052850738167763,1835.1285128875488,343249.49574738194,1748.4107586184407,88378.7044917057,3579.9574708164155,1572336.2989541132,0.10146053871809745,0.0019541247020998685,-1.8459670172887854e-05,0.004814487881958485,-9.545040484226774e-06,0.0030943627934902906,135.99917763157896,-160.3541717529297,5199.103515625,126.20948028564453,853.271240234375,-35.58139419555664,334.03228759765625,22.13925552368164,193.75323486328125,-32.473548889160156,336.4254150390625,10.850701332092285,134.8650360107422,-23.35007095336914,93.29354095458984,0.49324893951416016,124.73352813720703,-11.796538352966309,129.9753875732422,1.2035191059112549,99.71713256835938,-13.084959030151367,80.24315643310547,-2.810499429702759,86.43649291992188,-6.934471607208252,89.54832458496094,-7.55387544631958,70.91568756103516,-9.167669296264648,75.75421905517578,-4.515862941741943,85.99519348144531,-5.451786041259766,75.27674102783203,-0.9159522652626038,53.633235931396484,-4.408017635345459,62.88249206542969,-11.704384803771973,55.19025421142578,blues
blues.00018.wav,0.2700689136981964,0.09770417958498001,0.07967066019773483,0.0029557563830167055,1537.4913867559837,193154.17271775813,2053.9654116157935,145508.38953143754,3495.331815998405,1828303.2046714216,0.056141769987432324,0.0017222051542408522,-3.908891449100338e-05,0.006928043439984322,-0.00019731458451133221,0.0010559138609096408,83.35433467741936,-252.48178100585938,2874.182861328125,104.94515991210938,604.0597534179688,15.2964448928833,661.9402465820312,42.68783950805664,162.72171020507812,6.77045202255249,92.87256622314453,21.611764907836914,117.26866149902344,-1.3111783266067505,73.4713134765625,5.6817450523376465,100.5263671875,-16.636873245239258,125.60382843017578,12.169349670410156,123.66207122802734,-1.9619532823562622,52.16499328613281,1.9602652788162231,64.75908660888672,-0.8982277512550354,48.760345458984375,7.762360572814941,71.511962890625,2.375861883163452,102.00459289550781,1.7791142463684082,93.0483627319336,1.3305405378341675,132.0183563232422,3.61505126953125,182.26515197753906,4.906599521636963,151.66873168945312,-2.661051034927368,96.47257232666016,blues
blues.00016.wav,0.30818358063697815,0.10034818947315216,0.08142257481813431,0.0026397062465548515,1455.0726343994804,152296.7900650757,1826.0433386098089,116760.58261927123,3010.010388721723,1010269.4971195218,0.06134406117072699,0.0014187982635001817,-2.5168350475723855e-05,0.0045066471211612225,-0.00010695357923395932,0.0024170903488993645,198.76802884615384,-233.77281188964844,4958.63427734375,120.66433715820312,561.7590942382812,-3.164092540740967,1207.26416015625,39.514827728271484,396.8244323730469,3.83152437210083,284.47857666015625,18.828155517578125,156.32350158691406,-3.6787381172180176,100.44712829589844,4.4254679679870605,111.51864624023438,-14.96492862701416,101.52830505371094,17.57147789001465,102.22183227539062,1.8461248874664307,108.56195831298828,2.55008864402771,66.53279876708984,-1.2302390336990356,65.06260681152344,8.437055587768555,64.94194793701172,-0.20024774968624115,59.231021881103516,-3.890828847885132,78.07674407958984,-4.456135272979736,82.96056365966797,0.011000760830938816,86.01410675048828,1.2948038578033447,83.56266021728516,-2.098461866378784,100.81558227539062,blues
blues.00014.wav,0.3288930356502533,0.10805750638246536,0.06699823588132858,0.00271167466416955,1171.9674317528443,147268.45652200203,1705.3701298880728,96499.7388363126,2344.9874700913574,877107.628571067,0.045036675850734724,0.001559970831725131,-0.00011242832260904834,0.004727468825876713,-0.00020128210599068552,0.00119984510820359,151.99908088235293,-305.6643371582031,8192.6328125,113.0710220336914,682.1485595703125,12.10733413696289,1462.754638671875,45.05219650268555,224.5673370361328,17.734386444091797,248.84837341308594,14.590070724487305,154.572021484375,4.147995948791504,157.6145477294922,0.22631128132343292,166.8955841064453,-7.021586894989014,97.58988952636719,13.646476745605469,76.79963684082031,8.914210319519043,90.02955627441406,1.303798794746399,62.693885803222656,5.954979419708252,64.31770324707031,8.547472953796387,76.00692749023438,1.1196222305297852,137.0182647705078,0.5982412695884705,67.72880554199219,0.0608426108956337,96.59573364257812,-3.7137508392333984,65.65948486328125,-0.9935344457626343,89.3737564086914,-1.8043829202651978,113.50517272949219,blues
blues.00019.wav,0.2574455142021179,0.09603879600763321,0.09761591255664825,0.002577246632426977,1195.4981307417586,249540.7828286062,1481.0226382418614,46878.31181002753,2235.6144526718385,1207900.6401911664,0.05888603900812065,0.001798326376787047,-2.6448695280123502e-05,0.006597353145480156,-0.00016505917301401496,0.002579453168436885,123.046875,-236.67947387695312,5576.6396484375,138.4055938720703,536.2843627929688,-4.930479049682617,1166.9212646484375,47.65449905395508,311.2414855957031,5.15785026550293,466.28759765625,8.887805938720703,91.67842102050781,0.4874057471752167,98.06045532226562,-3.788341999053955,159.00234985351562,-14.984867095947266,77.34832000732422,10.428945541381836,104.50035095214844,-0.34138426184654236,134.52066040039062,0.7833588123321533,80.47019958496094,1.780983805656433,77.9105224609375,4.229559421539307,73.61766052246094,-0.47476935386657715,63.29976272583008,-6.104543209075928,80.72323608398438,-5.3946428298950195,95.50785827636719,-1.344998836517334,92.6128158569336,-3.7254629135131836,72.52175903320312,-4.3737101554870605,66.93199157714844,blues
blues.00015.wav,0.2697315216064453,0.09497305005788803,0.08060579746961594,0.0028306315653026104,1420.4385715704166,199934.3830514022,1731.176852821169,81312.15275854491,2930.239280470563,699900.4201592532,0.06370125495456304,0.0019409896600481654,-1.2730361959256697e-05,0.004725013859570026,-9.065944323083386e-05,0.002335531869903207,103.359375,-238.51962280273438,4379.62548828125,120.10218811035156,728.1787719726562,-4.22194766998291,978.7960205078125,42.294593811035156,383.1859130859375,5.923821449279785,298.7218322753906,13.911397933959961,117.38613891601562,5.350523948669434,119.63876342773438,1.8952672481536865,143.8791961669922,-16.928089141845703,89.81885528564453,12.343145370483398,76.23275756835938,3.938899517059326,81.61115264892578,-1.3966830968856812,60.90996170043945,0.013027784414589405,60.56659698486328,3.585257053375244,89.51395416259766,-4.500638961791992,101.89453125,-5.539845943450928,77.41566467285156,-6.884509563446045,93.56861114501953,-4.824553966522217,65.7004623413086,1.7439974546432495,78.28547668457031,-1.8783105611801147,131.15252685546875,blues
blues.00021.wav,0.3213101327419281,0.10331618785858154,0.10108429938554764,0.0032309708185493946,1046.775126562816,291445.5028508078,1481.055846630086,70296.72479551661,1831.2215641313805,1348269.1287348608,0.047907452387857694,0.0023313094290948392,-8.44643909658771e-06,0.00832287035882473,-7.409577665384859e-05,0.0022113537415862083,99.38401442307692,-264.6712646484375,6340.71875,138.85433959960938,1001.4290161132812,11.167329788208008,1283.5443115234375,48.52392578125,371.2584228515625,14.904313087463379,248.14610290527344,20.586437225341797,130.01280212402344,3.206176280975342,119.96546173095703,1.2635793685913086,104.4109115600586,-15.839372634887695,95.39590454101562,15.975111961364746,85.30513763427734,3.35821795463562,79.14540100097656,-1.506640911102295,71.93294525146484,1.896920919418335,70.0342025756836,6.313499450683594,68.50409698486328,-0.9959838390350342,82.13329315185547,-2.4147839546203613,89.5152359008789,-3.679157257080078,93.94477844238281,0.4992716908454895,119.20296478271484,5.044059753417969,117.73886108398438,-0.7863168716430664,148.49114990234375,blues
blues.00012.wav,0.26933804154396057,0.09390120208263397,0.11898960918188095,0.004055325407534838,1360.685601396562,257080.63359460863,1567.2994687681523,44995.60379817522,2738.8302548578886,953044.8055650127,0.06909500676720805,0.002380562343826463,-4.300941782275913e-06,0.012532265856862068,-5.936124944128096e-05,0.00263311923481524,184.5703125,-207.23829650878906,4575.77587890625,132.82740783691406,666.022705078125,-15.454079627990723,935.2313232421875,60.98097229003906,330.5326232910156,0.7190263271331787,313.9482421875,12.461328506469727,101.10465240478516,1.1633851528167725,107.93307495117188,-1.5329197645187378,111.63530731201172,-17.895849227905273,96.37596893310547,8.360363006591797,94.81139373779297,-2.4596505165100098,139.6595001220703,-0.584639310836792,92.7442855834961,0.37226465344429016,86.13247680664062,2.5984127521514893,53.73542785644531,-5.186428070068359,45.90580749511719,-9.530309677124023,69.25321197509766,-9.237473487854004,63.56403350830078,-2.8471038341522217,68.84710693359375,-1.4193835258483887,112.5743408203125,-5.933353424072266,91.46056365966797,blues
blues.00017.wav,0.30222705006599426,0.09341169893741608,0.09327623248100281,0.0021507663186639547,1089.0053437267554,231672.89148045122,1411.0016369489492,69763.92695661333,2135.41761075261,1081577.235108431,0.048326248912412995,0.0008451654661521953,-1.1602947779465467e-05,0.006779912859201431,-7.695275417063385e-05,0.0015226189279928803,172.265625,-245.68724060058594,5196.2568359375,140.4812469482422,800.1619262695312,-2.7912185192108154,795.8255615234375,60.40451431274414,360.8869934082031,18.903512954711914,235.4403533935547,9.828393936157227,99.82423400878906,3.563823938369751,118.55097198486328,0.5228625535964966,93.30117797851562,-16.378488540649414,129.11521911621094,6.6293535232543945,105.23014831542969,7.258424282073975,96.81719207763672,-4.02123498916626,71.32835388183594,1.6011252403259277,72.96355438232422,5.8965744972229,78.65543365478516,-3.01721453666687,56.0113525390625,-4.775692462921143,58.36332702636719,-3.0362884998321533,65.71512603759766,-1.9979146718978882,64.91010284423828,-0.049571771174669266,62.93349838256836,-3.961829423904419,64.81745147705078,blues
blues.00010.wav,0.3039698302745819,0.09469685703516006,0.1427881121635437,0.009196652099490166,1410.0234233871572,205639.1702894826,1512.3046546445698,145026.06084901496,2765.967419971723,1427723.4149127428,0.06295882576856149,0.0004415341143935523,-0.00010893130820477381,0.021771149709820747,8.626508497400209e-05,0.0039730677381157875,161.4990234375,-173.81045532226562,8143.06201171875,137.17355346679688,1082.654052734375,-23.7230281829834,1028.94580078125,26.979671478271484,495.41827392578125,-16.675209045410156,289.789794921875,4.194727897644043,160.07620239257812,-12.571785926818848,150.5171661376953,5.8516669273376465,82.44497680664062,-2.8769490718841553,108.58820343017578,-1.178382158279419,65.6473617553711,-1.968239426612854,55.532142639160156,1.8011789321899414,57.92026901245117,-3.0069499015808105,93.6478500366211,-1.8669495582580566,40.12514877319336,-0.7912433743476868,49.73640441894531,-3.0062358379364014,62.993614196777344,-0.43072953820228577,57.057254791259766,-1.9965142011642456,55.60966491699219,-0.7501041889190674,47.180057525634766,-5.006965637207031,46.47605514526367,blues
blues.00008.wav,0.4089129567146301,0.08650005608797073,0.14232727885246277,0.0015031186630949378,1719.4633657482495,163308.43298305818,2031.8293659086537,105565.9242806773,3782.441190998405,1262984.5682501604,0.06402488761600927,0.0007314817438538322,-1.5161455166889937e-06,0.012705841101706028,-2.09803220059257e-05,0.0034655870404094458,83.35433467741936,-121.3897933959961,2619.67431640625,122.49832916259766,414.5375061035156,-14.734728813171387,341.2240295410156,46.122135162353516,193.9173126220703,-8.179258346557617,177.07606506347656,20.172466278076172,106.9468994140625,-19.171894073486328,57.65928268432617,23.03683853149414,77.15470123291016,-11.83272933959961,42.5687370300293,21.15465545654297,58.85169982910156,-6.722797393798828,48.918487548828125,6.989505767822266,56.53520584106445,-12.730548858642578,61.94805145263672,5.058538436889648,50.54711151123047,-5.185806751251221,33.02634811401367,-1.4536041021347046,50.57817459106445,-7.042628765106201,28.908443450927734,2.6942129135131836,36.896121978759766,3.4095308780670166,33.67159652709961,-2.7137441635131836,36.34231948852539,blues
blues.00011.wav,0.3658873736858368,0.10200271010398865,0.06570573896169662,0.002499327063560486,1352.7427099786896,511953.35535614414,1756.8820972445817,220316.58293083456,2880.9110920279873,2932944.116679484,0.043930584759280744,0.0018957123722602104,4.6169084271241445e-06,0.005014702677726746,-1.1477747648314107e-05,0.0006338636158034205,161.4990234375,-287.931884765625,5931.3466796875,124.0107650756836,994.9955444335938,5.467447757720947,302.07550048828125,33.66307067871094,344.4941711425781,1.0916540622711182,441.2162170410156,14.703699111938477,235.38485717773438,-4.881141662597656,149.5320587158203,8.668891906738281,189.32147216796875,0.7843316197395325,148.67031860351562,6.576080322265625,114.22454833984375,-4.875814914703369,93.7771987915039,-3.1767611503601074,84.19608306884766,-5.538258075714111,65.79285430908203,-6.779148101806641,60.83884811401367,-2.6465134620666504,55.49734115600586,-2.9903204441070557,54.537933349609375,-3.3829941749572754,39.83585739135742,-1.8589837551116943,46.82573318481445,1.8391857147216797,37.058921813964844,-4.891355037689209,28.13030433654785,blues
blues.00020.wav,0.3026832342147827,0.09436195343732834,0.07542555034160614,0.0024926280602812767,1390.3828144597212,103083.25105909276,1911.218377959677,88690.56867160683,3006.1467358794953,945931.9719751858,0.05258634232405259,0.000616229079623275,-5.471566510095727e-06,0.004576305393129587,-9.017862612381577e-05,0.0014828883577138186,135.99917763157896,-230.36378479003906,2989.16015625,127.07772827148438,397.7683410644531,7.114696025848389,600.3923950195312,39.76705551147461,176.0068817138672,1.9217218160629272,116.42420959472656,17.410606384277344,100.17704010009766,-5.626917839050293,79.68090057373047,8.2406644821167,69.49092102050781,-18.11604118347168,60.151729583740234,13.844724655151367,72.71003723144531,-3.757110834121704,71.56751251220703,2.5798490047454834,74.58946990966797,-4.316714286804199,62.5890007019043,6.797995090484619,62.12507247924805,-6.1670145988464355,60.68846130371094,-6.200633525848389,49.888160705566406,-4.501896381378174,52.918426513671875,-1.8255953788757324,73.46965789794922,-0.5159100294113159,94.82005310058594,1.5071842670440674,73.84815216064453,blues
blues.00013.wav,0.26491037011146545,0.09119747579097748,0.11312991380691528,0.004192740190774202,1324.5278253934116,171556.88427375053,1827.8501317079451,78336.96974358436,2711.4849187935033,1076354.55766458,0.0514017032820959,0.001255387820866968,-5.632163720292738e-06,0.01267960574477911,-6.035734622855671e-05,0.0016058078035712242,107.666015625,-209.80392456054688,1968.6527099609375,124.46475982666016,541.9334716796875,10.309393882751465,662.1497192382812,47.016357421875,148.41470336914062,6.478227138519287,101.90165710449219,15.415120124816895,146.171142578125,-2.0159413814544678,69.43244171142578,6.7262187004089355,76.01961517333984,-21.543222427368164,96.41770935058594,10.72083568572998,95.86040496826172,-5.532846450805664,90.65170288085938,-2.195727586746216,59.19818878173828,-3.0491857528686523,52.31441116333008,8.643512725830078,71.75553131103516,-0.30701306462287903,68.60344696044922,-0.6329178214073181,88.57952117919922,-2.9335591793060303,97.39020538330078,-1.706298828125,104.24755859375,-1.7673149108886719,88.8240737915039,-7.755138874053955,113.83578491210938,blues
blues.00009.wav,0.2739676237106323,0.09231062978506088,0.08128055185079575,0.004346176981925964,1817.2305903199679,298141.42441443686,1973.7920387975753,114140.14449366354,3943.8319655416185,1366784.3467715923,0.07917482356921887,0.0013776590528174816,-4.361861101642717e-06,0.007221092935651541,-2.422373836452607e-05,0.0016771486261859536,80.74951171875,-213.2642364501953,6132.97265625,115.16475677490234,798.2637939453125,-11.698169708251953,669.0845947265625,39.015357971191406,350.9339294433594,-20.348329544067383,531.99755859375,13.082701683044434,278.24468994140625,-9.182701110839844,126.45182037353516,9.017151832580566,67.96417236328125,-14.1043119430542,110.09561157226562,4.271254062652588,92.6026840209961,-6.050780296325684,84.85939025878906,3.7858352661132812,104.41364288330078,0.22263556718826294,76.34564971923828,-5.106881618499756,85.42630767822266,-0.410153329372406,103.98576354980469,-1.179344892501831,59.32340621948242,-1.9147082567214966,58.46143341064453,-2.293661117553711,83.12303924560547,2.884260416030884,77.04225158691406,-4.233879566192627,91.44654846191406,blues
blues.00026.wav,0.2785740792751312,0.09503723680973053,0.07705383002758026,0.005932035855948925,1198.857018114551,161946.5551683567,1573.3099536449581,84086.36735803382,2478.8330644576567,992995.9729777103,0.05197268646075019,0.001486869460338792,-3.415155879338272e-05,0.008433905430138111,-6.51346636004746e-05,0.001919593894854188,83.35433467741936,-284.64056396484375,6202.546875,108.80130004882812,675.5428466796875,9.085322380065918,1444.9444580078125,51.198055267333984,296.5782470703125,18.07189178466797,210.83523559570312,7.602153301239014,181.8869171142578,8.755716323852539,122.01363372802734,2.354090452194214,103.12947082519531,0.0033667993266135454,93.4577865600586,2.2484962940216064,106.08584594726562,4.199124336242676,84.31745147705078,-3.2830629348754883,97.75061798095703,1.6176822185516357,68.57549285888672,2.679471969604492,74.23273468017578,3.3437952995300293,91.85233306884766,3.2793772220611572,115.84881591796875,-4.533182621002197,137.8116455078125,0.4880683720111847,105.86488342285156,5.921496391296387,140.58413696289062,3.2215704917907715,169.6924285888672,blues
blues.00027.wav,0.2886824607849121,0.09414215385913849,0.09575478732585907,0.0021936448756605387,1392.0263573819868,200436.55195545589,1494.8775639943133,43463.63178609578,2811.740048578886,541255.423663085,0.07241441294470224,0.002545686800946762,-1.560945929668378e-05,0.007745430339127779,-9.109126403927803e-05,0.0015261512016877532,92.28515625,-228.2098388671875,2813.7802734375,130.3231658935547,689.4208984375,-23.311424255371094,927.2700805664062,70.2009506225586,397.6453857421875,1.1310546398162842,181.74107360839844,7.5844268798828125,154.08311462402344,0.9005107283592224,100.34200286865234,1.9828155040740967,88.28392791748047,-6.16441535949707,61.85797882080078,-9.382747650146484,86.06394958496094,-2.5637800693511963,107.83311462402344,-4.525752544403076,58.99544906616211,-0.2604644298553467,67.7942886352539,0.1755216270685196,57.04276657104492,-1.5229120254516602,79.44807434082031,1.4664071798324585,80.51758575439453,-6.979135036468506,65.05795288085938,-8.328393936157227,91.8744888305664,4.2368059158325195,119.66018676757812,0.988639235496521,132.00111389160156,blues
blues.00035.wav,0.28827714920043945,0.09654413163661957,0.17326459288597107,0.0033394533675163984,1507.1579852132668,413919.5156856251,2096.930874321468,246926.39379724546,3405.5518484447507,4181763.713716291,0.04541997474381284,0.0005739812926893613,-7.123553018573148e-07,0.026486709713935852,3.1843571832723683e-06,0.0020961856935173273,129.19921875,-171.79478454589844,1940.7293701171875,120.28173065185547,693.2223510742188,15.331754684448242,269.1495361328125,21.094314575195312,146.5297088623047,-5.395443439483643,175.62319946289062,24.185543060302734,119.22541046142578,-24.13084602355957,145.58355712890625,18.545135498046875,100.65913391113281,-22.342924118041992,139.44583129882812,1.3107385635375977,115.7416763305664,-20.765268325805664,68.0617904663086,-4.991692066192627,81.3896255493164,-17.108125686645508,86.59742736816406,-7.874076843261719,63.09602355957031,-15.293675422668457,43.64215850830078,-9.349586486816406,49.472373962402344,-8.917146682739258,42.933597564697266,-8.521505355834961,57.173011779785156,-14.33261775970459,57.08481216430664,-19.928354263305664,48.656532287597656,blues
blues.00022.wav,0.3066106140613556,0.09801272302865982,0.11337931454181671,0.003687520045787096,1155.8692569677273,314152.74413988454,1497.936716492284,59092.069989695614,2169.63258818518,1331329.4290102238,0.05856995903422274,0.0028679686061733804,-1.2108349437767174e-05,0.009843931533396244,-5.532051727641374e-05,0.0031951977871358395,95.703125,-233.96311950683594,6504.24658203125,136.14453125,959.7279663085938,3.306636095046997,1162.97412109375,48.930625915527344,383.9662780761719,8.705183982849121,304.6137390136719,13.989510536193848,165.40908813476562,5.362715721130371,105.51817321777344,0.41018909215927124,128.13929748535156,-13.483556747436523,151.9845733642578,16.860368728637695,82.7322998046875,5.134751796722412,114.36249542236328,-2.230726957321167,77.22144317626953,3.9538214206695557,66.00460052490234,5.3132123947143555,83.29674530029297,0.8079431056976318,101.00322723388672,-1.100390076637268,80.28279113769531,-4.539631366729736,78.61717224121094,-2.4259493350982666,100.40608215332031,3.3244361877441406,119.3193359375,-0.6058454513549805,143.4013214111328,blues
blues.00024.wav,0.26306965947151184,0.09996888786554337,0.08692266792058945,0.00251215067692101,1120.1665690448092,176332.3092267212,1448.122768208087,53858.880806676585,2324.212009226363,1139225.1880237283,0.04727604770881671,0.0010789939313289771,-1.0099603969138116e-05,0.006556147709488869,-0.00010250405466649681,0.0017136884853243828,103.359375,-274.3768310546875,5920.21826171875,130.40737915039062,500.4164733886719,-6.357467174530029,1342.9835205078125,70.38822174072266,311.4975891113281,13.26966381072998,230.38287353515625,9.472180366516113,155.52798461914062,7.733089447021484,121.50666809082031,-1.2365492582321167,150.25732421875,-0.5709877014160156,94.17127227783203,-2.2971627712249756,68.8665771484375,3.7794153690338135,76.74092102050781,0.08548221737146378,73.5165023803711,-0.9368571043014526,126.63780975341797,2.296841859817505,63.14865493774414,4.289633750915527,69.60198974609375,-1.661789894104004,47.88312530517578,-10.439050674438477,49.10369110107422,-6.793425559997559,39.414466857910156,-1.0635625123977661,44.23625564575195,-1.5890816450119019,83.50596618652344,blues
blues.00025.wav,0.2909482717514038,0.09106454998254776,0.08916591107845306,0.0031143296509981155,1109.3207632048684,138690.1460968939,1463.110786018259,37662.21020221467,2243.3167778422276,838253.6529387314,0.051697390999613305,0.0013392659740276058,-6.422765636671102e-06,0.006753649562597275,-2.7094920369563624e-06,0.0017114018555730581,92.28515625,-249.31532287597656,3977.657470703125,131.0003204345703,338.24554443359375,0.6778696775436401,1578.9686279296875,66.70416259765625,298.38470458984375,17.911272048950195,183.5111541748047,4.623277187347412,173.19871520996094,6.603808879852295,96.41474914550781,1.2421157360076904,98.26317596435547,1.4099409580230713,75.73865509033203,-1.5849275588989258,91.7596435546875,-0.9725385308265686,101.25187683105469,-3.572615385055542,85.11508178710938,-2.9297995567321777,86.26875305175781,4.596161365509033,62.41978454589844,7.480731010437012,91.63825988769531,-0.19306443631649017,100.62007141113281,-2.8259153366088867,87.33296966552734,-2.682955265045166,77.28337860107422,0.7411384582519531,76.02479553222656,-0.5292367339134216,67.64772033691406,blues
blues.00034.wav,0.2621714770793915,0.0990510955452919,0.13590334355831146,0.003225207095965743,1537.0761622072548,341041.86876672064,2157.297066703822,160985.27807719147,3602.40662612384,3714496.0696090115,0.04570244525812065,0.0006911724510794357,-6.193960189193604e-07,0.016845131292939186,2.8180772915220587e-06,0.001755029195919633,184.5703125,-217.1836395263672,3599.953125,105.78521728515625,533.9498291015625,15.602849006652832,358.4097595214844,25.24884033203125,219.3240966796875,-1.450050711631775,215.97491455078125,30.193269729614258,117.4715805053711,-17.71662139892578,223.58750915527344,17.319042205810547,126.52496337890625,-27.213607788085938,112.2184829711914,4.338282108306885,177.22544860839844,-20.057300567626953,115.2186279296875,-10.700284957885742,70.82691192626953,-14.228784561157227,105.00271606445312,-5.155776023864746,83.00008392333984,-3.4822616577148438,101.2790756225586,-6.194967746734619,66.54190826416016,-15.323163986206055,116.0348892211914,-6.8316144943237305,93.67296600341797,-9.825100898742676,90.79376983642578,-13.94262409210205,92.79743194580078,blues
blues.00028.wav,0.2761107385158539,0.09884966909885406,0.09954791516065598,0.004103490151464939,1115.5894795563152,105511.55078016034,1398.7226588043538,52841.20609156985,2290.6881593496228,637990.4068159218,0.04801998743232792,0.0008165978609675527,-2.183046944992384e-06,0.0081788320094347,-3.0100618459982798e-05,0.0026274772826582193,103.359375,-248.9888153076172,4960.16796875,139.0577392578125,397.9725036621094,-16.270870208740234,1165.7607421875,57.13714599609375,329.1936950683594,20.188507080078125,158.22341918945312,10.186957359313965,133.22312927246094,4.542910575866699,126.33145904541016,0.3310718834400177,118.26377868652344,-7.874578475952148,69.82373046875,-3.45457124710083,68.51030731201172,-2.6574361324310303,79.47988891601562,-2.8329575061798096,66.65289306640625,-0.9046583771705627,95.40803527832031,-2.409325361251831,55.03851318359375,2.5699362754821777,62.241905212402344,-5.852056980133057,46.43740463256836,-12.40483283996582,55.87027359008789,-7.313380718231201,37.51279067993164,-0.9378717541694641,48.65180969238281,-2.686725378036499,86.66317749023438,blues
blues.00032.wav,0.2761858105659485,0.09738754481077194,0.10122466087341309,0.003938625566661358,1309.7746511778666,756135.7535281273,1883.2581499910907,284221.817146246,2765.2346582257833,4686832.922203278,0.03938839846771075,0.003158095633297049,-9.822840496553908e-08,0.012858709320425987,2.725740159803536e-06,0.0004452886641956866,143.5546875,-288.7326965332031,5319.03564453125,105.90115356445312,829.617919921875,18.776206970214844,433.7807312011719,23.682645797729492,342.5323486328125,5.682040691375732,381.5265808105469,25.548940658569336,164.24427795410156,-13.463247299194336,228.21717834472656,12.437668800354004,125.63249206542969,-11.963669776916504,196.29905700683594,1.574614405632019,132.29856872558594,-15.640524864196777,126.26146697998047,-6.632071018218994,81.74563598632812,-11.693038940429688,102.44064331054688,-2.9267630577087402,105.24515533447266,-7.375716209411621,82.07756805419922,-15.693880081176758,54.50830841064453,-10.976882934570312,61.20969772338867,-10.892728805541992,44.98295974731445,-18.50538444519043,55.87299346923828,-19.10454750061035,75.3456802368164,blues
blues.00031.wav,0.2537176012992859,0.09932377934455872,0.1514756679534912,0.003195951459929347,1330.6062681196104,352248.0681878072,1973.2623612880411,234481.1912718397,2898.630603338892,3709897.5074145617,0.04294722484048724,0.0010961764349717974,3.433143263009697e-07,0.023250263184309006,9.56044118538557e-07,0.0008500973926857114,151.99908088235293,-221.87301635742188,2512.02978515625,110.85540008544922,586.388916015625,18.63608169555664,190.4404296875,30.92296028137207,180.4984588623047,3.296436071395874,221.3279266357422,22.585636138916016,100.60496520996094,-20.403688430786133,318.4721984863281,12.121832847595215,114.50333404541016,-26.3325138092041,109.00269317626953,-4.367300987243652,102.22709655761719,-26.395551681518555,128.85992431640625,-13.047178268432617,107.47270202636719,-12.667627334594727,146.42515563964844,-1.8228296041488647,95.05028533935547,-7.255052089691162,110.8482666015625,-6.65747594833374,108.96002197265625,-14.686025619506836,103.15434265136719,-11.71232795715332,115.84700012207031,-11.020865440368652,118.50701904296875,-13.389479637145996,98.54090881347656,blues
blues.00029.wav,0.2805202603340149,0.10566302388906479,0.1246841549873352,0.004813124891370535,1648.8848320568998,712191.5513865657,2190.046420814181,185210.71185276765,3760.300128697796,4159729.928493348,0.05289486961040216,0.0032474412544681052,8.151332622219343e-07,0.01677102781832218,4.5463239075616e-06,0.0013200147077441216,129.19921875,-233.72897338867188,3685.996826171875,101.19027709960938,885.166259765625,17.647951126098633,375.1974182128906,23.734174728393555,219.07699584960938,2.0825440883636475,227.4859161376953,25.936399459838867,135.56700134277344,-16.956388473510742,339.19635009765625,15.084955215454102,113.55070495605469,-22.273956298828125,98.3326416015625,4.3816118240356445,122.68304443359375,-23.201656341552734,167.37350463867188,-6.05057954788208,81.70885467529297,-5.067928314208984,80.84329986572266,1.0592706203460693,99.9653091430664,-5.786865711212158,88.85379791259766,-8.313064575195312,84.22727966308594,-11.382149696350098,98.36215209960938,-6.724381446838379,96.60228729248047,-10.016952514648438,73.97154998779297,-14.028802871704102,77.85362243652344,blues
blues.00033.wav,0.26077786087989807,0.09484192728996277,0.13316597044467926,0.0022518066689372063,1430.6028401168035,700821.2373557508,2075.718550228657,275165.24579554406,3246.1678418648494,5567256.17164315,0.04197368341550657,0.001439137164341991,-2.1128937532921555e-06,0.016949394717812538,-1.992990746657597e-06,0.0009969391394406557,151.99908088235293,-238.96987915039062,3230.692138671875,108.68232727050781,821.1809692382812,34.158817291259766,279.2147216796875,30.20716094970703,302.7073669433594,-0.49822133779525757,237.48680114746094,27.279754638671875,140.72952270507812,-21.3779296875,286.7237243652344,14.166391372680664,139.31051635742188,-24.50922203063965,117.44081115722656,-1.8904005289077759,179.17098999023438,-28.051816940307617,127.13946533203125,-11.257109642028809,87.63015747070312,-16.457557678222656,90.87677764892578,-7.635429382324219,78.98731231689453,-12.788068771362305,63.45136642456055,-15.356443405151367,81.95188903808594,-13.739163398742676,141.08139038085938,-7.400487422943115,68.75154113769531,-10.083455085754395,70.44141387939453,-13.290666580200195,87.91442108154297,blues
blues.00030.wav,0.26335757970809937,0.09444160759449005,0.1700020432472229,0.0031928319949656725,1379.023680302829,550970.5458083973,2003.731133433046,269583.57273899525,3015.6143507105567,4573708.286561982,0.039366118039443156,0.0009455695718301325,-1.227710072271293e-06,0.027218932285904884,5.510264145414112e-06,0.0015384594444185495,151.99908088235293,-206.9323272705078,2025.07275390625,117.80413818359375,763.5175170898438,23.241365432739258,281.14031982421875,28.308992385864258,261.2948913574219,-1.1260130405426025,194.80252075195312,18.867395401000977,160.91714477539062,-21.9730224609375,212.4469757080078,17.844066619873047,137.3033905029297,-25.595348358154297,200.11936950683594,2.139523506164551,103.07032775878906,-17.7824764251709,73.11466217041016,-8.011028289794922,60.38997268676758,-17.610441207885742,72.83069610595703,-8.11941146850586,85.99083709716797,-8.629656791687012,115.68864440917969,-15.530964851379395,85.75174713134766,-15.32277774810791,78.07725524902344,-9.662423133850098,97.19147491455078,-10.09196949005127,55.309417724609375,-17.832164764404297,90.98461151123047,blues
blues.00023.wav,0.2808069586753845,0.09117234498262405,0.10193510353565216,0.0035581670235842466,1210.1413909563544,131835.5422071378,1497.6767028462984,51645.138554619996,2521.9827390878772,610051.874210673,0.052467009860788866,0.0010877847348502296,-2.3218211936182342e-05,0.0087016886100173,-0.00011488631571410224,0.0020992793142795563,184.5703125,-227.25579833984375,4144.39990234375,137.7651824951172,507.1655578613281,-14.502317428588867,1245.1947021484375,63.57535934448242,210.98936462402344,5.601748466491699,152.54595947265625,11.988768577575684,93.58656311035156,1.8891491889953613,102.5617904663086,-1.8709355592727661,87.2691421508789,-7.618035793304443,97.51638793945312,-2.4516425132751465,97.63351440429688,-2.898021697998047,104.15345764160156,-9.43382453918457,87.92733764648438,-10.939208030700684,115.71939086914062,3.5636465549468994,68.92533111572266,4.152738094329834,77.30342102050781,0.09471211582422256,45.21219253540039,-2.98022723197937,66.85020446777344,-1.386644721031189,82.50898742675781,7.53489351272583,93.42404174804688,-3.0437848567962646,74.0711669921875,blues
blues.00037.wav,0.24866746366024017,0.09798514097929001,0.06915838271379471,0.0022311026696115732,1188.4732077014146,369609.1364333892,1683.0974004989187,200320.1316079151,2339.8331573557134,2993475.5049751215,0.048163866130123745,0.001272015312079556,2.982223577419063e-06,0.005157856270670891,-1.931869519467e-06,0.000796206877566874,123.046875,-328.5601806640625,7473.8701171875,102.70980834960938,631.447998046875,19.872596740722656,703.4134521484375,26.714405059814453,170.742919921875,7.152065753936768,252.62078857421875,22.70838737487793,248.45516967773438,-6.957088470458984,208.76602172851562,12.78970718383789,154.8609619140625,-10.729283332824707,158.391357421875,-0.4425991475582123,83.60073852539062,-12.386709213256836,110.1970443725586,-8.909131050109863,110.9642562866211,-9.215008735656738,126.90647888183594,-9.08768367767334,133.7824249267578,-8.995918273925781,188.49075317382812,-7.650511264801025,194.0916290283203,-7.210643768310547,158.5035858154297,-9.389373779296875,176.8998260498047,-4.4802656173706055,142.53219604492188,-3.671359062194824,175.98387145996094,blues
blues.00047.wav,0.33642253279685974,0.08611635863780975,0.11219958961009979,0.0005280761397443712,2013.0124614921492,162651.93968287547,2310.0926354718413,44028.09559050872,4848.792721777118,581102.7284518713,0.07532370818832174,0.0008400964618032157,-0.0037498122546821833,0.008903607726097107,-0.003020881675183773,0.0015340992249548435,151.99908088235293,-149.96421813964844,1104.7490234375,93.66389465332031,194.89076232910156,6.347333908081055,172.53929138183594,71.49793243408203,97.6236801147461,-8.129108428955078,96.84321594238281,36.19367980957031,39.40081024169922,-9.783754348754883,51.19513702392578,17.647096633911133,66.0527114868164,-21.112295150756836,55.397579193115234,-0.13059252500534058,64.45347595214844,-22.204635620117188,40.7583122253418,5.426575183868408,35.14098358154297,-7.46439790725708,42.076725006103516,-4.329859733581543,40.632484436035156,-12.407085418701172,31.270174026489258,9.623546600341797,46.44602584838867,-5.024197101593018,38.211090087890625,-3.7060933113098145,45.8487663269043,2.3371365070343018,53.570125579833984,4.160796642303467,43.54495620727539,blues
blues.00043.wav,0.39893433451652527,0.08516630530357361,0.12730543315410614,0.0013169600861147046,2155.845202511205,188104.8554259244,2371.9955859117244,60317.49350659318,5011.532444079901,938368.7105344004,0.08717463022041763,0.0012249031617383162,-0.0025001701433211565,0.007336124777793884,-0.003987369127571583,0.004690342117100954,129.19921875,-109.14070129394531,2209.10498046875,100.6196517944336,230.52610778808594,-8.666454315185547,385.38470458984375,47.35472869873047,83.0829086303711,-6.568465232849121,89.7174301147461,39.61775588989258,92.37310028076172,-8.521924018859863,90.8331069946289,29.572608947753906,40.92458724975586,-16.594837188720703,58.669979095458984,13.170881271362305,113.54169464111328,-24.213415145874023,41.097633361816406,6.583019256591797,63.02842330932617,-8.652446746826172,43.51108169555664,4.930262088775635,39.02321243286133,-15.440971374511719,38.6043815612793,1.5342578887939453,38.47777557373047,-6.754525661468506,45.02885055541992,1.4151897430419922,75.85140228271484,-3.971741199493408,40.486656188964844,3.287160634994507,68.11014556884766,blues
blues.00040.wav,0.3979513347148895,0.0804954245686531,0.13481365144252777,0.0007786061032675207,2272.4696395362157,202331.76050968093,2356.7258988358053,50235.65550967891,5108.157072487674,581335.9337940421,0.09764303279679042,0.0013824106742667992,-0.002393899718299508,0.008114696480333805,-0.0042821429669857025,0.004323225002735853,172.265625,-110.2850341796875,1286.22509765625,90.71587371826172,229.9066619873047,-2.5352983474731445,227.4561309814453,74.06490325927734,114.22637176513672,-11.763081550598145,113.54914855957031,39.21094512939453,66.07151794433594,-13.171311378479004,86.33678436279297,20.5441951751709,50.447898864746094,-17.162982940673828,47.05904769897461,12.813971519470215,93.544189453125,-21.43714714050293,41.112728118896484,5.957196235656738,49.04414749145508,-8.02690601348877,47.13921356201172,4.240609169006348,46.19583511352539,-16.484731674194336,33.8948860168457,6.549281120300293,35.4322509765625,-5.695810317993164,39.56899642944336,-3.6384894847869873,36.2503547668457,-4.8583664894104,48.23588562011719,1.8528223037719727,46.00959777832031,blues
blues.00049.wav,0.27759307622909546,0.09067042917013168,0.08853810280561447,0.0004579055530484766,1318.6118509677026,411923.08830529224,1904.7518033989415,170176.58564755015,3046.5652076384863,3067408.5660411404,0.039961269818252126,0.000759941091522924,-0.004217334557324648,0.006365132983773947,-0.002169259125366807,0.0006243066745810211,123.046875,-255.96311950683594,3162.63232421875,110.83973693847656,667.7593994140625,21.4660701751709,351.6856994628906,67.55891418457031,204.99411010742188,4.295572757720947,197.39035034179688,43.09500503540039,83.03712463378906,-4.502763748168945,74.33721160888672,10.435256958007812,75.69822692871094,-8.718684196472168,102.53980255126953,1.6503064632415771,80.24573516845703,-20.581207275390625,69.36396026611328,-2.4358413219451904,60.1160774230957,-7.1460280418396,66.00496673583984,-11.169808387756348,59.45462417602539,-12.60944938659668,42.896541595458984,2.735997200012207,50.89289855957031,-8.942252159118652,59.62651062011719,-7.944726467132568,59.15461349487305,-2.3537964820861816,70.32778930664062,-0.71453458070755,82.61937713623047,blues
blues.00041.wav,0.3869754672050476,0.08545001596212387,0.12910546362400055,0.0008729451219551265,2390.421813195251,306586.9091777809,2463.3092400725595,80090.45549005365,5403.593285509716,953517.3210271882,0.10226074596384377,0.001595798596373276,-0.002519704168662429,0.008560596965253353,-0.004284340422600508,0.004032470285892487,129.19921875,-107.20325469970703,1418.7047119140625,88.49288177490234,379.4754638671875,-4.171899318695068,324.234130859375,55.477848052978516,129.4851531982422,-8.01771354675293,106.9834213256836,38.413597106933594,70.49761962890625,-6.413660526275635,89.53753662109375,28.57575035095215,85.68675994873047,-19.8199405670166,54.79985427856445,13.244697570800781,124.80087280273438,-19.248565673828125,68.76445770263672,12.076122283935547,52.372920989990234,-4.582266807556152,56.79172897338867,3.7842400074005127,47.425601959228516,-16.98895263671875,40.59251022338867,11.621646881103516,39.32477951049805,-7.361444473266602,43.51493835449219,-3.665252685546875,64.75103759765625,-7.176823616027832,56.3290901184082,1.9731814861297607,46.391971588134766,blues
blues.00042.wav,0.37769633531570435,0.09248580038547516,0.11094040423631668,0.0005275182775221765,2301.576917251487,205130.55258611433,2367.502276682992,47294.5271061826,5187.511838837732,563364.4814082641,0.09782391966357308,0.0018260240252338587,-0.00312468851916492,0.008449600078165531,-0.003695580642670393,0.0019649954047054052,89.10290948275862,-159.5803985595703,2438.842529296875,69.80602264404297,240.7504425048828,-4.402106761932373,515.110107421875,76.8451156616211,111.44869232177734,3.9148974418640137,118.8388671875,45.17588806152344,40.9711799621582,-4.860273838043213,58.1802978515625,32.20158004760742,45.05411148071289,-9.805074691772461,68.4083251953125,7.8093581199646,66.92711639404297,-21.826738357543945,72.33281707763672,9.69575023651123,40.80174255371094,-2.5847606658935547,79.56103515625,3.310844898223877,78.9550552368164,-14.973028182983398,67.09251403808594,10.23025131225586,81.90314483642578,-4.087700843811035,67.32979583740234,-5.848176002502441,95.97195434570312,-2.474031686782837,164.1739959716797,6.654290676116943,109.11347198486328,blues
blues.00044.wav,0.39011749625205994,0.0863066241145134,0.1362091600894928,0.00046733784256502986,2279.0311186737995,170912.6547946447,2375.232090471981,52988.85763460089,5198.686455463312,569824.0025389729,0.09252533171403712,0.0009024755703477607,-0.0021756261121481657,0.010294867679476738,-0.004663640167564154,0.0031387617345899343,135.99917763157896,-109.53125,825.7867431640625,86.92880249023438,227.7930908203125,-8.606025695800781,278.6758117675781,64.48048400878906,82.36140441894531,-6.302875518798828,55.093421936035156,43.64593505859375,38.81442642211914,-8.295385360717773,51.62466049194336,28.543201446533203,54.88411331176758,-14.08149242401123,77.61287689208984,8.137968063354492,85.42996978759766,-21.484119415283203,69.56903839111328,11.087112426757812,94.9968490600586,-5.095303535461426,91.41817474365234,3.980109930038452,68.8132095336914,-12.861199378967285,52.78263854980469,12.336353302001953,61.29218673706055,0.01729499362409115,73.25270080566406,-0.7424917817115784,56.27393341064453,-5.134483814239502,95.95222473144531,3.299461841583252,92.6192626953125,blues
blues.00046.wav,0.38802334666252136,0.09514287859201431,0.1025458574295044,0.0009460605797357857,1913.0130744881128,331727.671913294,2361.6655249301634,92614.06419630519,4777.714832420968,1289231.061203629,0.05845780162412993,0.0009074450402103902,-0.003162243403494358,0.005615884438157082,-0.003458029590547085,0.002589236944913864,123.046875,-182.6048126220703,2273.02294921875,90.67420959472656,451.2939758300781,14.124650001525879,267.2210998535156,67.55299377441406,173.4662322998047,2.6751468181610107,117.65267181396484,38.43041229248047,65.76744079589844,-8.41917610168457,147.03831481933594,24.12371253967285,72.1844711303711,-13.794528007507324,59.881919860839844,4.840575695037842,58.73679733276367,-16.679119110107422,44.4327507019043,5.827116966247559,42.44453048706055,-5.146391868591309,49.54146957397461,0.19292587041854858,35.917686462402344,-14.49146556854248,40.21309280395508,6.862847805023193,30.484039306640625,-4.44268274307251,40.14226150512695,-2.987611770629883,26.153621673583984,-4.819628715515137,35.66600036621094,5.403775215148926,47.04299545288086,blues
blues.00048.wav,0.3795088231563568,0.08355865627527237,0.12389669567346573,0.0009198049665428698,2148.12910424686,166461.31628752293,2204.082986875012,80038.17915715858,4672.105545787413,822951.2202938269,0.09876687270398299,0.0013097469386016863,-0.002826760755851865,0.007544906344264746,-0.003870718413963914,0.003897769143804908,123.046875,-106.3966293334961,1516.7442626953125,102.669189453125,267.7004699707031,-20.160871505737305,370.7135009765625,59.36691665649414,123.92098999023438,-9.96042251586914,130.079833984375,33.70236587524414,59.594764709472656,-14.187067985534668,117.78865814208984,23.524560928344727,93.717041015625,-13.328019142150879,62.018768310546875,16.005510330200195,79.06768798828125,-18.92649269104004,61.93204879760742,7.824946880340576,68.9639892578125,-7.797834396362305,50.6246452331543,4.040651798248291,53.882564544677734,-11.352144241333008,37.23600387573242,2.069638252258301,46.95405578613281,-5.736970901489258,32.207054138183594,0.46918022632598877,65.7553939819336,-1.9118729829788208,65.25657653808594,-3.1344141960144043,46.58400344848633,blues
blues.00038.wav,0.2658465802669525,0.09705007076263428,0.1680171936750412,0.003927598241716623,1514.1569584732374,551885.8806783345,2140.99247371375,222436.5678244485,3451.7991068191704,4234008.140881984,0.044373172249613305,0.0020144301429024895,2.6992065613740124e-06,0.02741243503987789,1.5692956367274746e-05,0.0013528225244954228,86.1328125,-192.69032287597656,3217.042236328125,111.15748596191406,760.5321655273438,21.351842880249023,298.4803771972656,26.396648406982422,250.29945373535156,-0.6495015025138855,190.4054718017578,23.487049102783203,170.4264373779297,-25.476696014404297,120.31707000732422,16.921979904174805,142.0316925048828,-16.97193145751953,190.6027069091797,5.785404205322266,97.44774627685547,-25.736196517944336,85.97309875488281,-5.053073883056641,73.31194305419922,-17.632251739501953,81.10128784179688,-7.918059349060059,57.71619415283203,-15.15891170501709,95.64356994628906,-12.352483749389648,66.2242431640625,-17.237363815307617,71.72384643554688,-7.785285949707031,67.17203521728516,-13.039021492004395,75.8392333984375,-17.936370849609375,59.201927185058594,blues
blues.00039.wav,0.2553485929965973,0.09714080393314362,0.08582264184951782,0.0026290579698979855,1151.310495419208,514648.4757531796,1709.5320968704373,330245.41756701627,2312.1797282845127,3920015.4124071943,0.03532089858855375,0.0009460119121801402,1.2143202638981165e-06,0.00910261832177639,-2.221766408183612e-06,0.00030584423802793026,117.45383522727273,-301.7080383300781,5065.21044921875,111.53327941894531,593.248046875,21.896053314208984,301.5972900390625,16.150569915771484,242.01083374023438,8.198789596557617,283.8765563964844,22.08191680908203,138.29481506347656,-8.601798057556152,280.92071533203125,1.4827531576156616,120.92414855957031,-17.0777587890625,113.1659164428711,-8.343711853027344,113.45700073242188,-17.010778427124023,106.47660827636719,-10.576026916503906,89.17510986328125,-15.687028884887695,78.27084350585938,-12.60683536529541,82.56498718261719,-12.262772560119629,91.05205535888672,-14.563125610351562,145.14175415039062,-10.112008094787598,142.6390838623047,-5.7920379638671875,78.77298736572266,-7.775544166564941,88.69114685058594,-7.187528610229492,137.39500427246094,blues
blues.00036.wav,0.23332668840885162,0.09494050592184067,0.19766893982887268,0.004719933494925499,1247.5800476882746,263742.9050159191,1907.821245304643,194376.8616953673,2621.496780289298,3024858.104095273,0.03690734060808198,0.00034853728629918835,-5.441081157187e-06,0.03664940968155861,3.988467142335139e-06,0.00228873617015779,151.99908088235293,-200.1853790283203,2875.04052734375,116.34859466552734,484.6643981933594,17.990737915039062,199.02488708496094,25.287694931030273,291.5024719238281,0.2871708273887634,179.4080352783203,24.19377326965332,99.9104232788086,-22.253931045532227,306.8603820800781,11.182933807373047,95.0340576171875,-26.854318618774414,97.117919921875,-7.637254238128662,110.53861999511719,-24.876745223999023,123.12688446044922,-12.010828971862793,98.73029327392578,-17.02494239807129,77.72667694091797,-8.125702857971191,84.42433166503906,-11.956620216369629,79.74182891845703,-12.614474296569824,95.71829986572266,-14.187261581420898,94.29264831542969,-8.208076477050781,89.58155822753906,-15.015216827392578,65.70996856689453,-10.310197830200195,94.44337463378906,blues
blues.00045.wav,0.4296855926513672,0.09001364558935165,0.14828185737133026,0.0007089440478011966,1739.1187836453275,144891.45658416924,2290.362915581739,65376.61349368672,4551.058301460992,819696.7521784143,0.048048310010634185,0.00026618744156701264,-0.0020876694470643997,0.013833282515406609,-0.004860272165387869,0.0023364867083728313,129.19921875,-163.24342346191406,669.9909057617188,89.7838363647461,207.5522003173828,12.974767684936523,134.92913818359375,80.69834899902344,43.35331344604492,3.663785219192505,32.880096435546875,39.734092712402344,38.96316146850586,-5.409265995025635,44.017635345458984,26.490928649902344,31.626708984375,-13.169032096862793,37.97406005859375,2.7055442333221436,35.8922233581543,-20.547697067260742,38.92791748046875,6.0114054679870605,37.74468231201172,-2.9064910411834717,50.22760009765625,-0.4313211441040039,31.980030059814453,-17.537824630737305,38.903324127197266,4.164450168609619,32.078102111816406,-5.9858317375183105,36.061161041259766,-7.865319728851318,31.95478630065918,-8.567485809326172,31.808246612548828,1.8536394834518433,42.82242202758789,blues
blues.00050.wav,0.40100908279418945,0.08965714275836945,0.1822851598262787,0.003975855652242899,1945.2525226826747,147430.6727188352,2081.763029779175,73538.99437839001,4174.460398238109,808384.1460867272,0.08579060022718484,0.0012194024196383187,-4.765157939345954e-07,0.014091874472796917,-3.737809674930759e-05,0.012257946655154228,135.99917763157896,-83.02948760986328,2507.65771484375,107.10440826416016,315.97161865234375,-25.338031768798828,340.7215270996094,57.1057014465332,204.45326232910156,0.07983606308698654,138.0584259033203,34.69768142700195,73.12948608398438,-11.06030559539795,101.87094116210938,20.544288635253906,52.264713287353516,-11.203025817871094,61.22370529174805,14.82552719116211,59.41549301147461,-10.23562240600586,43.78946304321289,12.54819107055664,50.42841720581055,-9.764641761779785,45.16902160644531,2.5628442764282227,45.14018249511719,-6.288032531738281,46.70436477661133,3.0061864852905273,33.814701080322266,-8.71456241607666,38.764827728271484,-0.3317658305168152,56.964351654052734,-2.9872000217437744,42.39900207519531,0.7050281167030334,55.64459991455078,blues
blues.00063.wav,0.33038976788520813,0.0898931547999382,0.09622780233621597,0.0017359635094180703,2839.8868647531226,289513.838370844,2443.9897071310743,56248.152179413875,5711.47812137471,476263.8609413221,0.15441054294760248,0.0030691837452442696,-0.00015191096463240683,0.005418853368610144,-0.00038521859096363187,0.0028933933936059475,92.28515625,-129.15756225585938,2037.501220703125,72.09806060791016,426.36517333984375,-7.771088600158691,593.7980346679688,49.25128173828125,142.0736846923828,-32.723228454589844,107.30266571044922,21.60696029663086,78.49319458007812,-27.371620178222656,188.0376434326172,15.00165843963623,52.663307189941406,-10.260744094848633,121.35636901855469,12.431695938110352,51.91508483886719,-17.031105041503906,57.22800827026367,7.120548248291016,68.50751495361328,-18.018095016479492,66.15542602539062,2.924360752105713,46.86349868774414,-14.481513977050781,69.77133178710938,4.073019504547119,56.868080139160156,-14.528055191040039,66.76156616210938,7.258471965789795,80.84455108642578,-8.212889671325684,81.37350463867188,-1.9991801977157593,76.82914733886719,blues
blues.00060.wav,0.4308488965034485,0.08037817478179932,0.19617338478565216,0.0034484907519072294,1946.448570808695,124910.15135613602,1979.90414241133,55766.82480500457,3955.7143633990718,639383.3366215251,0.09742287195475638,0.0013971267188710467,-1.016644910123432e-05,0.016944117844104767,-5.560267891269177e-05,0.01153464987874031,151.99908088235293,-67.76102447509766,1612.438720703125,111.7113037109375,307.7588806152344,-34.64625549316406,223.12847900390625,61.31954574584961,228.93218994140625,0.04420224577188492,175.38211059570312,30.561481475830078,113.36226654052734,-12.693842887878418,109.60126495361328,21.164926528930664,91.73634338378906,-13.12250804901123,55.81266784667969,16.284252166748047,73.35332489013672,-6.337016582489014,38.105350494384766,12.300311088562012,50.14161682128906,-12.475308418273926,40.45018768310547,1.6777149438858032,40.88418197631836,-5.147786617279053,36.88602066040039,4.648344039916992,39.39704132080078,-6.910227298736572,33.27315902709961,1.054118037223816,46.633872985839844,-4.730587959289551,56.06096649169922,-0.660582423210144,50.18839645385742,blues
blues.00053.wav,0.4124424159526825,0.08583299070596695,0.1682385951280594,0.003675617976114154,2171.3957423705265,169933.47097090556,1954.2547399828075,84853.07447829492,4237.303044790458,745843.4212609519,0.1328151434406419,0.002348147700226341,-1.911137132992735e-06,0.012285063974559307,-4.039504347019829e-05,0.009736573323607445,103.359375,-76.74658966064453,2904.675537109375,105.75111389160156,432.7131042480469,-43.19778060913086,390.6787109375,60.95989227294922,407.4814453125,-8.785325050354004,203.74473571777344,21.246374130249023,121.03335571289062,-12.868537902832031,165.5034942626953,18.610828399658203,148.79478454589844,-11.40945053100586,57.12934494018555,14.548587799072266,78.48998260498047,-6.056464672088623,68.89861297607422,12.733198165893555,64.49301147460938,-9.375088691711426,54.816524505615234,1.3552762269973755,64.21385955810547,-3.620527982711792,57.089237213134766,7.000210762023926,44.64562225341797,-4.065215110778809,60.540035247802734,-0.27187520265579224,52.58170700073242,-3.706460952758789,54.53052520751953,-0.49440091848373413,56.80616760253906,blues
blues.00055.wav,0.43304598331451416,0.08771367371082306,0.157663032412529,0.004306626506149769,2031.9933846543545,190930.35718929223,1976.3541224120365,79079.31443635795,4023.536459088602,772116.5945189357,0.11311924485208817,0.0025288062349315557,-1.5944460756145418e-06,0.009942220523953438,-1.4255197129386943e-05,0.010516992770135403,135.99917763157896,-98.7710952758789,3338.735107421875,104.79962158203125,339.6569519042969,-35.09716796875,349.19427490234375,60.69519805908203,284.4880065917969,-2.8405914306640625,154.9458770751953,22.229469299316406,125.7886962890625,-7.831078052520752,108.20957946777344,19.03541374206543,104.40039825439453,-11.572286605834961,51.3822135925293,17.01787567138672,105.08026123046875,-5.378026485443115,57.898231506347656,12.197646141052246,67.92558288574219,-9.955081939697266,58.173282623291016,0.3553740978240967,55.37696838378906,-4.263806343078613,43.364864349365234,6.13636589050293,44.28575897216797,-4.823617935180664,56.98008346557617,1.4952294826507568,43.504066467285156,-1.4962364435195923,69.89785766601562,3.505474090576172,40.30690002441406,blues
blues.00052.wav,0.3390078544616699,0.09551169723272324,0.09884554147720337,0.0029970970936119556,1443.7501131951292,448696.62955219875,1670.688954989285,189332.10247253024,3070.6131158461426,2084005.3671843417,0.0671879531612529,0.0030837184552870347,-2.4912783374020364e-06,0.00655389903113246,-3.875914990203455e-05,0.0035254068206995726,151.99908088235293,-225.26271057128906,7864.958984375,117.6264877319336,671.6420288085938,-14.538811683654785,815.5819702148438,64.79437255859375,174.35586547851562,12.911808967590332,315.0232849121094,19.03666877746582,251.4282684326172,10.67020034790039,197.0891876220703,9.886923789978027,112.78762817382812,-2.39374041557312,101.74813842773438,11.683764457702637,65.72288513183594,1.5412839651107788,62.2308349609375,3.0635995864868164,59.59092330932617,-7.62561559677124,54.64986801147461,-8.957072257995605,87.28939819335938,-4.346201419830322,51.264556884765625,-0.06465940922498703,48.13700866699219,-2.557084321975708,46.64244842529297,-3.4438669681549072,91.42137908935547,-3.872518301010132,94.49835205078125,1.3121448755264282,82.40361785888672,blues
blues.00056.wav,0.39099979400634766,0.08970120549201965,0.13775411248207092,0.0032615764066576958,1811.548597685105,347373.093079934,2052.0015654086774,119607.93276195259,3927.985992785673,1515679.3263610902,0.07550308451759474,0.001698276613367128,-4.62238494947087e-06,0.012996035628020763,-2.8430520615074784e-05,0.005138235166668892,161.4990234375,-145.29241943359375,4647.88330078125,102.85078430175781,530.9257202148438,-12.567543983459473,354.1106262207031,56.99361801147461,279.2722473144531,2.2211079597473145,261.1811218261719,26.61408233642578,190.2419891357422,-4.298428058624268,191.16799926757812,17.34142303466797,107.84072875976562,-8.016127586364746,80.43466186523438,15.237471580505371,82.39676666259766,-6.948760986328125,48.31754684448242,7.470659255981445,104.04367065429688,-10.477943420410156,49.63420104980469,-2.34574818611145,92.43324279785156,-6.792831897735596,78.48814392089844,2.6741998195648193,46.55548095703125,-4.788207530975342,73.10649871826172,-0.9448770880699158,62.880409240722656,0.021900763735175133,91.0212173461914,-2.003514289855957,53.255523681640625,blues
blues.00062.wav,0.3119012117385864,0.09269808232784271,0.10622777044773102,0.0008653153199702501,2280.1541864340825,422191.99474730506,2119.7941496262683,36002.271546960954,4732.98305856656,781039.2693244062,0.11714180624033256,0.003780221473814957,7.3781111495918594e-06,0.006094180513173342,7.049083069432527e-05,0.003018660005182028,112.34714673913044,-144.9233856201172,1826.8665771484375,95.73299407958984,711.2627563476562,-21.61644172668457,419.7297058105469,49.62627029418945,186.2123260498047,-29.88751983642578,267.9933776855469,29.351144790649414,146.0986785888672,-18.850818634033203,248.8192596435547,17.902307510375977,91.90007781982422,-9.670823097229004,107.87045288085938,5.516722202301025,77.31310272216797,-9.557408332824707,74.18585968017578,6.359986782073975,108.23334503173828,-21.08871841430664,79.01963806152344,2.4660542011260986,90.44999694824219,-9.539148330688477,70.77621459960938,-1.4058189392089844,79.28721618652344,-9.312421798706055,90.82837677001953,5.155149936676025,220.45033264160156,-8.118464469909668,102.73824310302734,-2.440216541290283,109.629638671875,blues
blues.00059.wav,0.40597057342529297,0.08501087874174118,0.1699170023202896,0.004253915511071682,2235.5723886035353,239292.3857322379,2099.799351413852,50609.834191720314,4389.459355967228,723769.0889032226,0.1422416527697216,0.004211845275557566,4.916044872516068e-06,0.011847862973809242,-4.973723116563633e-05,0.011167618446052074,107.666015625,-86.26868438720703,2577.3125,91.95877838134766,321.4103698730469,-23.415849685668945,238.66017150878906,68.26197814941406,143.2556915283203,-3.8848531246185303,228.16526794433594,22.7470645904541,164.15066528320312,-9.89794635772705,125.5721206665039,16.88896942138672,70.13793182373047,-11.39069938659668,59.901222229003906,18.42913055419922,73.54822540283203,-7.0125508308410645,41.34253692626953,10.75953197479248,55.37255859375,-11.943845748901367,58.569026947021484,0.9917908906936646,43.03046417236328,-5.928012371063232,53.4189453125,5.316061019897461,40.26069259643555,-6.13599157333374,47.904563903808594,1.9500207901000977,57.43293380737305,-5.091172218322754,53.96217727661133,-0.67167067527771,39.80733871459961,blues
blues.00057.wav,0.424422025680542,0.08515192568302155,0.1759180873632431,0.0035682960879057646,1886.9577813598776,253389.3190254082,1913.2410486745825,123436.92674711063,3828.2471269576567,1247015.7715712755,0.08993966913186388,0.0015348868328816851,-2.658935329691303e-07,0.0142793208360672,-3.3493975934106857e-05,0.010402275249361992,92.28515625,-92.7332763671875,3131.97021484375,115.32343292236328,522.343994140625,-35.06822204589844,408.5855712890625,57.875343322753906,331.2538146972656,1.8522309064865112,301.6893005371094,26.613140106201172,152.54676818847656,-14.53686809539795,149.01702880859375,22.12833023071289,109.92516326904297,-8.207463264465332,72.00360107421875,11.016057968139648,103.81336975097656,-5.649425983428955,79.72064971923828,7.278642654418945,70.31646728515625,-10.2041654586792,56.593013763427734,1.3267534971237183,67.24510955810547,-4.1071085929870605,69.16039276123047,0.9749935269355774,48.08974838256836,-6.5528082847595215,35.68977737426758,-0.6891603469848633,46.26974105834961,-2.1258134841918945,47.50239944458008,-1.5101183652877808,50.215633392333984,blues
blues.00054.wav,0.4528796374797821,0.07941480726003647,0.2008397877216339,0.0035658427514135838,2030.61703868765,220858.36480890316,1987.1997407316637,73937.03718784155,4063.222169101653,847619.9736796903,0.10339893597737819,0.0019149243979982205,1.3859514638170367e-06,0.016655366867780685,-4.482487929635681e-05,0.012371642515063286,89.10290948275862,-57.941680908203125,1749.595947265625,109.00659942626953,452.26116943359375,-36.21866989135742,304.0943908691406,64.04491424560547,150.5582733154297,1.4201568365097046,179.7010498046875,26.31841468811035,87.41293334960938,-17.484891891479492,150.6221466064453,20.425649642944336,60.347259521484375,-9.550731658935547,58.454647064208984,18.168363571166992,63.42252731323242,-6.06498384475708,61.46451950073242,13.874471664428711,63.64451599121094,-11.295740127563477,42.67592239379883,4.668037414550781,59.14604949951172,-6.410876750946045,37.88154983520508,3.218438148498535,42.362979888916016,-8.08051586151123,33.42442321777344,-1.7162846326828003,43.28153991699219,-5.428616523742676,35.17287063598633,-2.5797901153564453,38.410804748535156,blues
blues.00051.wav,0.3937021493911743,0.08522814512252808,0.19659239053726196,0.001711299759335816,1977.0957176055506,137168.42529728127,1927.7012074599013,73886.46080685858,3943.357335774362,695655.2182812053,0.10660165313225058,0.000946205608834699,-3.347835672684596e-06,0.018108414486050606,-4.2046973248943686e-05,0.009178952313959599,99.38401442307692,-55.631004333496094,1013.7731323242188,114.95140075683594,318.2904968261719,-37.04922103881836,205.41470336914062,64.90031433105469,68.83897399902344,-7.169982433319092,93.57415771484375,15.256333351135254,114.96858215332031,-16.247621536254883,97.79859161376953,18.64631462097168,77.88361358642578,-9.762151718139648,68.49205780029297,21.460813522338867,73.34603118896484,-5.66246223449707,72.03128814697266,12.791810035705566,99.28800201416016,-16.540878295898438,55.81172561645508,3.7969822883605957,54.153934478759766,-7.9076313972473145,57.91463088989258,8.47227668762207,56.290771484375,-4.0752034187316895,47.117862701416016,3.2032907009124756,50.154823303222656,-5.187771320343018,54.73040008544922,-1.2790167331695557,57.96359634399414,blues
blues.00061.wav,0.4519546627998352,0.07571570575237274,0.14166255295276642,0.0006225088727660477,2503.937744726624,162905.37539249563,2180.439232513555,34058.66091046608,5077.364425482164,397116.35707964376,0.16753371519721577,0.0025504901484989383,-0.0002445599820930511,0.010618291795253754,-0.0020656553097069263,0.0037894214037805796,129.19921875,-82.52998352050781,1043.4322509765625,94.16450500488281,208.17198181152344,-27.11260414123535,166.58901977539062,75.65927124023438,55.314300537109375,-27.521812438964844,67.82730865478516,35.5772705078125,42.4406852722168,-20.303491592407227,49.302452087402344,25.11202621459961,54.7510986328125,-15.370208740234375,47.82027053833008,11.353972434997559,56.4881706237793,-13.391486167907715,54.9733772277832,8.147319793701172,50.100494384765625,-8.5005464553833,64.64974975585938,8.289690971374512,72.68798828125,-10.354395866394043,72.02632141113281,-3.4710376262664795,50.24699783325195,-5.228659152984619,33.00185012817383,-2.5861730575561523,38.19790267944336,-8.361181259155273,72.61641693115234,-6.984573841094971,35.91743469238281,blues
blues.00058.wav,0.3568170368671417,0.08764000236988068,0.16190661489963531,0.004790586419403553,2068.3321715923803,283340.98021349794,2033.958819917369,116351.66958836606,4231.815658533933,1130991.0146468694,0.10435170751160093,0.001929636247653688,-5.459313797473442e-06,0.013774456456303596,-2.9197899493738078e-05,0.009370511397719383,107.666015625,-95.44058990478516,3216.194580078125,105.23432922363281,612.767333984375,-26.953481674194336,376.11651611328125,60.81648635864258,117.35527801513672,-4.854668140411377,152.49684143066406,21.54347038269043,167.8445587158203,-13.520524024963379,118.71463012695312,12.135530471801758,103.32624816894531,-20.2319278717041,90.3391342163086,12.156193733215332,85.81288146972656,-5.226213455200195,73.18307495117188,10.26781940460205,61.974422454833984,-9.459799766540527,66.3912582397461,3.8689911365509033,67.31806182861328,-10.188684463500977,59.287864685058594,3.582792282104492,53.05044174194336,-3.11013126373291,48.43397903442383,0.20062780380249023,57.981040954589844,0.8418170809745789,66.15987396240234,-3.419813871383667,60.704742431640625,blues
blues.00064.wav,0.33265990018844604,0.08039344847202301,0.11737103015184402,0.0005460410611703992,2553.361072844356,107874.46264550369,2280.187545149397,32825.23540104683,5148.284104915893,276458.18610405194,0.14683293153035576,0.001059015153491846,-1.4411774827749468e-05,0.007764536887407303,-0.00031954425503499806,0.0028780961874872446,78.30255681818181,-85.13845825195312,889.0969848632812,88.80752563476562,172.05462646484375,-16.32556915283203,190.40562438964844,59.22816467285156,130.02378845214844,-35.98337936401367,78.2051773071289,14.397045135498047,41.03355026245117,-22.296472549438477,51.30545425415039,9.660774230957031,53.48443603515625,-14.823983192443848,45.236995697021484,11.181689262390137,45.688697814941406,-14.806865692138672,42.160072326660156,8.475102424621582,36.538978576660156,-19.58751106262207,37.81611251831055,6.415234088897705,42.17949295043945,-13.781306266784668,40.45548629760742,6.118936538696289,38.938140869140625,-13.149333000183105,44.34349060058594,3.9346718788146973,47.962440490722656,-7.615674018859863,43.322425842285156,3.753453016281128,40.89358901977539,blues
blues.00068.wav,0.28943267464637756,0.08272557705640793,0.10304820537567139,0.000983168720267713,2513.3453575801773,175980.33560544293,2345.0210767557146,47220.92504084061,5246.740637688515,473136.70399258804,0.13510738411156226,0.0015157114638884432,-1.9602997781476006e-05,0.005948532372713089,-0.00028305829619057477,0.0026650018990039825,161.4990234375,-113.20137023925781,1586.7279052734375,88.7260971069336,316.3901672363281,-8.926565170288086,227.4857940673828,49.47417449951172,139.91419982910156,-34.57909393310547,122.90260314941406,15.856428146362305,68.51744079589844,-17.740219116210938,68.03439331054688,14.707290649414062,58.98587417602539,-11.190546989440918,50.51272964477539,15.3687162399292,54.71055603027344,-15.068397521972656,68.79444122314453,8.749079704284668,61.950538635253906,-18.62926483154297,32.85325622558594,5.45619535446167,78.35330963134766,-9.269546508789062,78.84931182861328,8.014036178588867,74.87074279785156,-9.542044639587402,56.56996154785156,5.865854263305664,44.599761962890625,-4.400538921356201,55.802459716796875,3.621751546859741,81.65335845947266,blues
blues.00073.wav,0.34204182028770447,0.08416538685560226,0.25964370369911194,0.005484368652105331,2094.7777929332897,108543.82158877862,2158.361875259959,42064.500628441034,4482.603366081787,495610.0580419375,0.10054024374033256,0.000993991151988332,-7.023808848316548e-06,0.038446761667728424,-2.390043664490804e-05,0.013974294997751713,99.38401442307692,-30.126768112182617,1122.221435546875,103.73807525634766,204.29925537109375,-19.742794036865234,185.54371643066406,56.410430908203125,173.31629943847656,-12.707871437072754,121.62779998779297,20.187705993652344,94.62179565429688,-17.33887481689453,90.2004165649414,16.30097198486328,64.64778900146484,-18.43800163269043,56.85980987548828,8.925146102905273,52.38784408569336,-11.655669212341309,53.72909927368164,11.209242820739746,39.44180679321289,-8.847433090209961,51.86746597290039,9.097789764404297,52.9391975402832,-3.5729310512542725,37.6902961730957,4.379462718963623,38.75603485107422,-2.824899196624756,45.27107620239258,4.720313549041748,44.10147476196289,0.48877981305122375,51.54825210571289,1.4746345281600952,69.9654541015625,blues
blues.00077.wav,0.40899211168289185,0.08345764130353928,0.24307845532894135,0.005095598287880421,2207.139189553156,184234.55015444846,2191.577407154986,75492.03448948209,4658.224706804669,1090808.9604955807,0.11153393573569219,0.0011451971378402478,2.6088526283274405e-05,0.025988871231675148,0.0002467034209985286,0.018031051382422447,99.38401442307692,-28.98924446105957,1957.8125,104.531005859375,307.0892639160156,-30.983427047729492,307.83673095703125,38.16205596923828,109.12930297851562,-8.009195327758789,133.65541076660156,30.894712448120117,96.35674285888672,-20.6081600189209,98.65361785888672,25.823612213134766,69.79513549804688,-12.97468376159668,84.48471069335938,16.943222045898438,53.345672607421875,-12.272944450378418,58.61982727050781,10.787742614746094,37.3831672668457,-10.566559791564941,46.01934051513672,6.879833698272705,40.22370910644531,-10.299988746643066,40.61873245239258,6.961579322814941,46.87601089477539,-10.263350486755371,51.759185791015625,0.7075954079627991,46.45341491699219,-6.008072853088379,31.861303329467773,1.3531219959259033,44.73969650268555,blues
blues.00065.wav,0.29277053475379944,0.08795710653066635,0.10029806196689606,0.0008634327095933259,2816.36277395135,347610.53992871055,2372.057664485805,44802.74595120808,5613.737696671984,617082.3959867021,0.14628196297370458,0.002553609353603767,-0.000220970090595074,0.005589810200035572,-0.0006391738425008953,0.0025482121855020523,107.666015625,-118.35662078857422,1182.1466064453125,74.87531280517578,605.6735229492188,-19.866086959838867,341.9483947753906,46.94456100463867,126.39126586914062,-32.5598258972168,128.81678771972656,23.820112228393555,84.0619888305664,-26.35521125793457,158.1985626220703,17.678152084350586,55.986488342285156,-13.82485294342041,74.54638671875,11.931674003601074,68.85277557373047,-17.888668060302734,62.15459442138672,7.539273738861084,67.23194885253906,-22.895130157470703,46.130958557128906,4.763867378234863,63.41402053833008,-12.789289474487305,76.19103240966797,5.615285396575928,57.88762664794922,-14.728559494018555,90.32435607910156,6.676352024078369,102.57545471191406,-9.17386245727539,135.86936950683594,-2.2358474731445312,100.8264389038086,blues
blues.00074.wav,0.3671559691429138,0.08537016808986664,0.19693075120449066,0.004279482644051313,2515.4635686466004,272557.1257522692,2531.2236881912695,66555.54055652236,5770.831822795823,998132.5238669816,0.12089020507057231,0.0016698406379629758,1.9179497030563653e-06,0.019950931891798973,-3.085380376433022e-05,0.010132894851267338,112.34714673913044,-56.005306243896484,2864.882080078125,87.85132598876953,358.0292663574219,-1.6130452156066895,288.0494079589844,41.19935607910156,165.7246856689453,-5.6183295249938965,140.0815887451172,27.792627334594727,108.56385040283203,-23.990840911865234,91.71194458007812,21.776113510131836,64.88623809814453,-18.419469833374023,85.3586654663086,12.326554298400879,65.81376647949219,-13.712047576904297,65.61515808105469,11.851394653320312,70.84919738769531,-3.974116563796997,58.631683349609375,7.101849555969238,88.04908752441406,-4.4691643714904785,57.19087219238281,5.115705490112305,56.0230827331543,-6.647368907928467,59.628536224365234,5.8692474365234375,53.89585876464844,-3.702183246612549,67.68675994873047,-1.959946632385254,69.04591369628906,blues
blues.00067.wav,0.3379235863685608,0.08631851524114609,0.12903983891010284,0.0005594503600150347,2258.1151496918774,219211.02965676523,2175.9191964461243,55774.106259345164,4754.616183747825,691346.7773225604,0.1127057352088167,0.0017066661518408302,-4.7389672545250505e-05,0.008280906826257706,-0.0005681833135895431,0.004083848558366299,161.4990234375,-95.46356964111328,934.8757934570312,101.38745880126953,365.6186218261719,-20.677705764770508,347.0011901855469,48.668914794921875,176.1923370361328,-30.248262405395508,140.44308471679688,20.807701110839844,85.45372772216797,-18.291418075561523,241.3342742919922,14.138235092163086,62.313568115234375,-12.799489974975586,79.67008209228516,13.443615913391113,56.49831008911133,-14.068502426147461,105.80418395996094,7.7323503494262695,72.94769287109375,-19.215457916259766,59.478878021240234,2.8566133975982666,48.573974609375,-9.8193359375,62.29210662841797,6.912365436553955,66.25328826904297,-11.297555923461914,76.38992309570312,8.940815925598145,64.62545776367188,-2.951145887374878,60.08733367919922,-0.9717592597007751,60.4248161315918,blues
blues.00075.wav,0.46638160943984985,0.08150152862071991,0.19198641180992126,0.008015128783881664,2224.0145847370186,463879.69734974526,2254.7335542022447,99048.37638944174,4700.258585139936,1867237.9682458607,0.10850946200696056,0.0032158010706293174,-0.004737366922199726,0.013112466782331467,-0.005584165919572115,0.018237333744764328,117.45383522727273,-86.49180603027344,6869.52490234375,92.7261734008789,780.0596923828125,-15.342206001281738,504.6240234375,54.053279876708984,238.10812377929688,0.8746949434280396,214.33212280273438,31.574251174926758,129.70599365234375,-14.615236282348633,93.89247131347656,23.32894515991211,48.94382095336914,-14.971667289733887,74.02932739257812,15.337373733520508,75.26608276367188,-7.053953170776367,83.0679702758789,12.179844856262207,61.870365142822266,-6.099600315093994,92.5494384765625,7.0319600105285645,47.5569953918457,-5.805507183074951,48.18597412109375,7.437338352203369,67.83611297607422,-6.083114147186279,46.961395263671875,3.39298152923584,41.52901840209961,-4.288331508636475,53.53144454956055,1.2357910871505737,44.43525314331055,blues
blues.00071.wav,0.30516552925109863,0.08006665855646133,0.12049756199121475,0.0003269429143983871,2429.004094153088,97744.0466487419,2286.7671320519435,25016.954770191896,5065.090666237674,232002.8801022843,0.13464138328982986,0.0014292187567062592,-1.1232566976104863e-05,0.008874802850186825,-0.0003785630688071251,0.00239085266366601,73.828125,-89.39791107177734,694.5906982421875,93.79924011230469,192.50112915039062,-14.558412551879883,133.71311950683594,54.389488220214844,99.20523834228516,-33.50722885131836,64.58907318115234,19.428232192993164,41.679012298583984,-19.761512756347656,46.92526626586914,13.029955863952637,46.16585159301758,-13.864509582519531,52.39643096923828,14.61738109588623,51.47935485839844,-14.972617149353027,60.136390686035156,10.59898567199707,35.434810638427734,-18.020244598388672,34.39031219482422,6.659175872802734,55.03166198730469,-10.210892677307129,54.22754669189453,6.535370826721191,39.77693176269531,-10.852217674255371,36.39303970336914,3.325134038925171,41.159271240234375,-6.184797763824463,42.49285888671875,3.00929594039917,40.24433517456055,blues
blues.00076.wav,0.36558449268341064,0.08791537582874298,0.21887719631195068,0.004651627037674189,2645.724694727559,186295.2141327209,2426.1337925289085,50757.901088234925,5612.422056264501,579829.2280861732,0.13647177711716937,0.0026628060585194052,-0.011285397224128246,0.035068243741989136,-0.006412957329303026,0.0072797019965946674,117.45383522727273,-52.707645416259766,1343.4189453125,74.4546127319336,222.0743408203125,-18.709468841552734,219.17457580566406,56.29268264770508,113.06733703613281,-3.956631660461426,128.09072875976562,31.99110221862793,101.31981658935547,-16.46079444885254,138.79937744140625,22.406429290771484,80.23575592041016,-12.258079528808594,66.48326110839844,27.22262954711914,65.77659606933594,-9.239789962768555,83.30693817138672,7.799892902374268,51.770748138427734,-10.568794250488281,59.106788635253906,6.937424659729004,49.77076721191406,-9.131170272827148,85.39435577392578,13.016960144042969,51.38549041748047,-9.856919288635254,52.90802764892578,3.6912949085235596,56.383140563964844,-4.9426140785217285,70.96475219726562,4.416415691375732,65.24874877929688,blues
blues.00069.wav,0.29205313324928284,0.08678042888641357,0.11649022251367569,0.0009667451377026737,2371.309053037537,236750.96160197747,2209.900826494475,43101.241525217534,5005.187393507105,485874.7857622289,0.12512877332269914,0.0025021753415951087,-9.993257845053449e-05,0.008594940416514874,-0.000260282977251336,0.0025175900664180517,78.30255681818181,-121.47392272949219,1182.41455078125,96.0971908569336,436.457763671875,-19.590856552124023,272.334716796875,48.0384521484375,131.02328491210938,-38.78462600708008,200.09310913085938,24.768978118896484,103.4619369506836,-32.941410064697266,132.16050720214844,8.102540969848633,101.19304656982422,-17.81892204284668,68.94977569580078,6.117860317230225,74.08990478515625,-19.995437622070312,42.90715789794922,6.800339221954346,64.26900482177734,-19.333209991455078,87.26700592041016,-0.10917256772518158,66.24714660644531,-12.25394058227539,60.68553161621094,-4.923659801483154,60.14484405517578,-10.414173126220703,59.108951568603516,-2.045328140258789,115.31695556640625,-1.7603425979614258,104.79031372070312,-3.9544341564178467,77.1354751586914,blues
b